dropped_dim,winner_value,default_value,ndcg5,recall5,p95_latency_ms,delta_ndcg5
none (winner),-,-,0.5611,0.6489,85.44,0.0
metric,l2,cosine,0.5606,0.6489,72.51,-0.0004
svd_dim,,,0.5611,0.6489,89.22,0.0
normalize,False,True,0.5611,0.6489,83.69,0.0
hybrid_weight,0.7765905795848593,0.5,0.5352,0.5933,85.76,-0.0259
candidate_k,27,10,0.56,0.6322,100.11,-0.001
bm25_k1,2.9199897374940935,1.5,0.5628,0.6406,99.6,0.0018
bm25_b,0.34523676127036784,0.75,0.557,0.6489,96.13,-0.004
